{
  "drizzle.config.ts": 1776575710.404851,
  "global.ts": 1776575710.404851,
  "instrumentation-client.ts": 1776575710.409059,
  "instrumentation.ts": 1776575710.409059,
  "middleware.ts": 1776575710.426092,
  "next-env.d.ts": 1776577509.2052815,
  "next.config.ts": 1776575710.426092,
  "postcss.config.mjs": 1776575710.4317303,
  "sentry.edge.config.ts": 1776575710.4565904,
  "sentry.server.config.ts": 1776575710.4571023,
  "setup-ins.js": 1776575710.4571023,
  "app\\global-error.tsx": 1776575710.363452,
  "app\\manifest.ts": 1776576879.2921617,
  "app\\not-found.tsx": 1776575710.364487,
  "app\\actions\\operations.ts": 1776575710.3570392,
  "app\\actions\\premium-purchase.ts": 1776577460.5554876,
  "app\\api\\auth\\[...all]\\route.ts": 1776575710.358948,
  "app\\api\\payments\\checkout\\route.ts": 1776575710.360287,
  "app\\api\\payments\\portal\\route.ts": 1776575710.3613284,
  "app\\api\\payments\\subscription\\route.ts": 1776575710.3613284,
  "app\\api\\sentry-example-api\\route.ts": 1776575710.3623633,
  "app\\api\\webhooks\\payments\\route.ts": 1776575710.3623633,
  "app\\sentry-example-page\\page.tsx": 1776575710.3650687,
  "app\\[locale]\\layout.tsx": 1776576879.2987916,
  "app\\[locale]\\page.tsx": 1776576879.2911637,
  "app\\[locale]\\(auth)\\layout.tsx": 1776575710.33631,
  "app\\[locale]\\(auth)\\components\\auth-background-svg.tsx": 1776575710.3327992,
  "app\\[locale]\\(auth)\\components\\auth-background.tsx": 1776575710.3345573,
  "app\\[locale]\\(auth)\\components\\icons.tsx": 1776575710.3352797,
  "app\\[locale]\\(auth)\\components\\oauth-provider-checker.ts": 1776575710.3352797,
  "app\\[locale]\\(auth)\\components\\social-login-buttons.tsx": 1776575710.33631,
  "app\\[locale]\\(auth)\\login\\login-form.tsx": 1776575710.33631,
  "app\\[locale]\\(auth)\\login\\page.tsx": 1776576879.287641,
  "app\\[locale]\\(auth)\\register\\page.tsx": 1776576879.287641,
  "app\\[locale]\\(auth)\\register\\register-form.tsx": 1776575710.3383245,
  "app\\[locale]\\(auth)\\verify\\page.tsx": 1776576879.287641,
  "app\\[locale]\\(auth)\\verify\\use-verification.ts": 1776575710.3398373,
  "app\\[locale]\\(auth)\\verify\\verify-content.tsx": 1776575710.3398373,
  "app\\[locale]\\(main)\\layout.tsx": 1776575710.3418665,
  "app\\[locale]\\(main)\\dashboard\\page.tsx": 1776575710.3418665,
  "app\\[locale]\\(site)\\bottom-nav.tsx": 1776575710.3450885,
  "app\\[locale]\\(site)\\cta.tsx": 1776577395.0548549,
  "app\\[locale]\\(site)\\faq.tsx": 1776576879.287641,
  "app\\[locale]\\(site)\\features.tsx": 1776576879.2911637,
  "app\\[locale]\\(site)\\footer.tsx": 1776576879.287641,
  "app\\[locale]\\(site)\\grid-layout.tsx": 1776576879.3003006,
  "app\\[locale]\\(site)\\hero.tsx": 1776576879.3033433,
  "app\\[locale]\\(site)\\navbar.tsx": 1776576879.3013117,
  "app\\[locale]\\(site)\\pricing.tsx": 1776576879.2987916,
  "app\\[locale]\\(site)\\testimonials.tsx": 1776576879.3028216,
  "app\\[locale]\\(site)\\blog\\page.tsx": 1776577111.5067863,
  "app\\[locale]\\(site)\\blog\\[slug]\\page.tsx": 1776575710.3440452,
  "app\\[locale]\\(site)\\docs\\page.tsx": 1776576879.287641,
  "app\\[locale]\\(site)\\docs\\[slug]\\page.tsx": 1776575710.3450885,
  "app\\[locale]\\admin\\layout.tsx": 1776575710.3510337,
  "app\\[locale]\\admin\\page.tsx": 1776575710.3510337,
  "app\\[locale]\\admin\\users\\page.tsx": 1776575710.3510337,
  "app\\[locale]\\licenses\\page.tsx": 1776576879.3003006,
  "app\\[locale]\\privacy\\page.tsx": 1776577405.8331683,
  "app\\[locale]\\terms\\page.tsx": 1776577401.2411664,
  "app\\_providers\\query-provider.tsx": 1776575710.35553,
  "components\\app-header.tsx": 1776577460.5570478,
  "components\\language-switcher.tsx": 1776577303.6188688,
  "components\\admin\\admin-sidebar.tsx": 1776577460.5575871,
  "components\\branding\\theme-provider.tsx": 1776575710.3703654,
  "components\\emails\\index.ts": 1776575710.3756795,
  "components\\emails\\render.ts": 1776575710.3756795,
  "components\\emails\\subjects.ts": 1776575710.3756795,
  "components\\emails\\auth\\index.ts": 1776575710.3726623,
  "components\\emails\\auth\\otp-verification-email.tsx": 1776575710.3726623,
  "components\\emails\\auth\\welcome-email.tsx": 1776575710.3736966,
  "components\\emails\\components\\email-footer.tsx": 1776577460.5676312,
  "components\\emails\\components\\email-layout.tsx": 1776575710.3751671,
  "components\\emails\\components\\index.ts": 1776575710.3756795,
  "components\\emails\\_styles\\base.ts": 1776575710.3703654,
  "components\\emails\\_styles\\index.ts": 1776575710.3703654,
  "components\\feedback\\feedback-widget.tsx": 1776577460.564561,
  "components\\notifications\\notification-bell.tsx": 1776577460.5575871,
  "components\\ui\\accordion.tsx": 1776575710.3798702,
  "components\\ui\\alert-dialog.tsx": 1776575710.380391,
  "components\\ui\\alert.tsx": 1776575710.380391,
  "components\\ui\\autocomplete.tsx": 1776575710.380391,
  "components\\ui\\avatar.tsx": 1776575710.380391,
  "components\\ui\\badge.tsx": 1776575710.3819,
  "components\\ui\\breadcrumb.tsx": 1776575710.3819,
  "components\\ui\\button.tsx": 1776575710.3832273,
  "components\\ui\\card.tsx": 1776575710.3832273,
  "components\\ui\\checkbox-group.tsx": 1776575710.3832273,
  "components\\ui\\checkbox.tsx": 1776575710.3832273,
  "components\\ui\\collapsible.tsx": 1776575710.3832273,
  "components\\ui\\combobox.tsx": 1776575710.3850937,
  "components\\ui\\command.tsx": 1776575710.3850937,
  "components\\ui\\dialog.tsx": 1776575710.3850937,
  "components\\ui\\dropdown-menu.tsx": 1776575710.3850937,
  "components\\ui\\empty.tsx": 1776575710.3850937,
  "components\\ui\\field.tsx": 1776575710.3850937,
  "components\\ui\\fieldset.tsx": 1776575710.3850937,
  "components\\ui\\form.tsx": 1776575710.3850937,
  "components\\ui\\frame.tsx": 1776575710.3850937,
  "components\\ui\\group.tsx": 1776575710.3850937,
  "components\\ui\\input-group.tsx": 1776575710.3850937,
  "components\\ui\\input-otp.tsx": 1776575710.3850937,
  "components\\ui\\input.tsx": 1776575710.3850937,
  "components\\ui\\kbd.tsx": 1776575710.3850937,
  "components\\ui\\label.tsx": 1776575710.3850937,
  "components\\ui\\menu.tsx": 1776575710.3900301,
  "components\\ui\\meter.tsx": 1776575710.3900301,
  "components\\ui\\number-field.tsx": 1776575710.3900301,
  "components\\ui\\pagination.tsx": 1776575710.3910608,
  "components\\ui\\popover.tsx": 1776575710.3910608,
  "components\\ui\\preview-card.tsx": 1776575710.3910608,
  "components\\ui\\progress.tsx": 1776575710.3910608,
  "components\\ui\\radio-group.tsx": 1776575710.3910608,
  "components\\ui\\scroll-area.tsx": 1776575710.3910608,
  "components\\ui\\select.tsx": 1776575710.3934033,
  "components\\ui\\separator.tsx": 1776575710.3934033,
  "components\\ui\\sheet.tsx": 1776575710.3934033,
  "components\\ui\\sidebar.tsx": 1776575710.3951974,
  "components\\ui\\skeleton.tsx": 1776575710.3951974,
  "components\\ui\\slider.tsx": 1776575710.3959403,
  "components\\ui\\spinner.tsx": 1776575710.3969631,
  "components\\ui\\switch.tsx": 1776575710.3969631,
  "components\\ui\\table.tsx": 1776575710.3969631,
  "components\\ui\\tabs.tsx": 1776575710.3969631,
  "components\\ui\\textarea.tsx": 1776575710.3969631,
  "components\\ui\\toast.tsx": 1776575710.3989787,
  "components\\ui\\toggle-group.tsx": 1776575710.3989787,
  "components\\ui\\toggle.tsx": 1776575710.3989787,
  "components\\ui\\toolbar.tsx": 1776575710.3989787,
  "components\\ui\\tooltip.tsx": 1776575710.4000106,
  "config\\branding.ts": 1776577389.4099538,
  "config\\env.ts": 1776575710.4011037,
  "config\\feature-flags.ts": 1776575710.4011037,
  "config\\fonts.ts": 1776576955.474402,
  "config\\payments.ts": 1776575710.4022593,
  "database\\index.ts": 1776575710.404851,
  "database\\schema.ts": 1776575710.404851,
  "hooks\\use-mobile.ts": 1776575710.4058855,
  "hooks\\use-toast.ts": 1776575710.4058855,
  "i18n\\navigation.ts": 1776575710.407529,
  "i18n\\request.ts": 1776575710.407529,
  "i18n\\routing.ts": 1776575710.407529,